Студия в Париже	Для любителей японского минимализма	2024-03-01T19:01:48.620Z	photo2.jpg	611	Baby seat;Towels;Washer;Fridge	Serge
Домик в у озеры в окрестностях Берлина	Для любителей японского минимализма	2024-02-26T19:01:48.622Z	photo2.jpg	63232	Baby seat;Towels;Washer	Mary
Просторная вилла c видом на море	Вилла с видом на залив	2024-02-29T19:01:48.622Z	photo4.jpg	58266	Air conditioning;Laptop friendly workspace;Baby seat;Towels	Mary
Домик в у озеры в окрестностях Берлина	Тихое уединение	2024-02-27T19:01:48.622Z	photo4.jpg	37130	Washer;Fridge	Serge
Студия в японском стиле в Кельне	Тихое уединение	2024-03-01T19:01:48.622Z	photo4.jpg	25061	Washer;Fridge	Serge
Студия в Париже	Центр, близко к метро и достопримечательностям.	2024-02-29T19:01:48.622Z	photo3.jpg	51116	Laptop friendly workspace;Baby seat;Towels;Washer;Fridge	Henry
Домик в у озеры в окрестностях Берлина	Вилла с видом на залив	2024-02-25T19:01:48.622Z	photo2.jpg	68878	Baby seat;Towels;Washer;Fridge	Mary
Отель в центре Амстердама	Для любителей японского минимализма	2024-03-02T19:01:48.622Z	photo1.jpg	84713	Laptop friendly workspace;Baby seat	Henry
Домик в у озеры в окрестностях Берлина	Тихое уединение	2024-02-29T19:01:48.622Z	photo2.jpg	556	Baby seat;Towels;Washer;Fridge	Serge
Студия в Париже	Тихое уединение	2024-03-01T19:01:48.622Z	photo4.jpg	85165	Fridge	Serge
